[
   {
     "id": 1,
     "duration": "0.32",
     "speed": "10",
     "distance": "8.2",
     "localization":[
       {
         "latitude":-12.231,
         "longitude":-2.23
       },
       {
         "latitude":-12.231,
         "longitude":-2.23
       }
     ]
   },{
  "id": 2,
  "duration": "1",
  "speed": "2",
  "distance": "3",
  "localization":[
    {
      "latitude":-12.231,
      "longitude":-2.23
    },
    {
      "latitude":-12.231,
      "longitude":-2.23
    }
  ]
},{
  "id": 3,
  "duration": "4",
  "speed": "5",
  "distance": "6",
  "localization":[
    {
      "latitude":-12.231,
      "longitude":-2.23
    },
    {
      "latitude":-12.231,
      "longitude":-2.23
    }
  ]
},{
  "id": 4,
  "duration": "8.8",
  "speed": "9.9",
  "distance": "10.10",
  "localization":[
    {
      "latitude":-12.231,
      "longitude":-2.23
    },
    {
      "latitude":-12.231,
      "longitude":-2.23
    }
  ]
},{
  "id": 5,
  "duration": "11.1",
  "speed": "12",
  "distance": "13",
  "localization":[
    {
      "latitude":-12.231,
      "longitude":-2.23
    },
    {
      "latitude":-12.231,
      "longitude":-2.23
    }
  ]
},{
  "id": 6,
  "duration": "0.32",
  "speed": "10",
  "distance": "8.2",
  "localization":[
    {
      "latitude":-12.231,
      "longitude":-2.23
    },
    {
      "latitude":-12.231,
      "longitude":-2.23
    }
  ]
}
 ]